Grand Prix,Driver,Car,Time,Name Code
Great Britain,Nino  Farina ,Alfa Romeo,1:50.600,FAR
Monaco,Juan Manuel  Fangio ,Alfa Romeo,1:51.000,FAN
Indianapolis 500,Johnnie Parsons ,Kurtis Kraft Offenhauser,,PAR
Switzerland,Nino  Farina ,Alfa Romeo,2:41.600,FAR
Belgium,Nino  Farina ,Alfa Romeo,4:34.100,FAR
France,Juan Manuel  Fangio ,Alfa Romeo,2:35.600,FAN
Italy,Juan Manuel  Fangio ,Alfa Romeo,2:00.000,FAN
Switzerland,Juan Manuel  Fangio ,Alfa Romeo,2:51.100,FAN
Indianapolis 500,Lee  Wallard ,Kurtis Kraft Offenhauser,1:07.260,WAL
Belgium,Juan Manuel  Fangio ,Alfa Romeo,4:22.100,FAN
France,Juan Manuel  Fangio ,Alfa Romeo,2:27.800,FAN
Great Britain,Nino  Farina ,Alfa Romeo,1:44.000,FAR
Germany,Juan Manuel  Fangio ,Alfa Romeo,9:55.800,FAN
Italy,Nino  Farina ,Alfa Romeo,1:56.500,FAR
Spain,Juan Manuel  Fangio ,Alfa Romeo,2:16.930,FAN
Switzerland,Piero Taruffi ,Ferrari,2:49.100,TAR
Indianapolis 500,Bill Vukovich,Kurtis Kraft Offenhauser,1:06.600,VUK
Belgium,Alberto  Ascari ,Ferrari,4:55.000,ASC
France,Alberto  Ascari ,Ferrari,2:17.300,ASC
Great Britain,Alberto  Ascari ,Ferrari,1:52.000,ASC
Germany,Alberto  Ascari ,Ferrari,10:05.100,ASC
Netherlands,Alberto  Ascari ,Ferrari,1:49.800,ASC
Italy,Alberto  Ascari ,Ferrari,2:06.100,ASC
Argentina,Alberto  Ascari ,Ferrari,1:48.400,ASC
Indianapolis 500,Bill Vukovich,Kurtis Kraft Offenhauser,1:06.240,VUK
Netherlands,Luigi Villoresi ,Ferrari,1:52.800,VIL
Belgium,Jose Froilan  Gonzalez ,Maserati,4:34.000,GON
France,Juan Manuel  Fangio ,Maserati,2:41.100,FAN
Great Britain,Alberto  Ascari ,Ferrari,1:50.000,ASC
Germany,Alberto  Ascari ,Ferrari,9:56.000,ASC
Switzerland,Alberto  Ascari ,Ferrari,2:41.300,ASC
Italy,Juan Manuel  Fangio ,Maserati,2:04.500,FAN
Argentina,Jose Froilan  Gonzalez ,Ferrari,1:48.200,GON
Indianapolis 500,Jack  McGrath ,Kurtis Kraft Offenhauser,1:04.040,MCG
Belgium,Juan Manuel  Fangio ,Maserati,4:25.500,FAN
France,Hans Herrmann ,Mercedes-Benz,2:32.900,HER
Great Britain,Alberto  Ascari ,Maserati,1:50.000,ASC
Germany,Karl  Kling ,Mercedes-Benz,9:55.100,KLI
Switzerland,Juan Manuel  Fangio ,Mercedes-Benz,2:39.700,FAN
Italy,Jose Froilan  Gonzalez ,Ferrari,2:00.800,GON
Spain,Alberto  Ascari ,Lancia,2:20.400,ASC
Argentina,Juan Manuel  Fangio ,Mercedes-Benz,1:48.300,FAN
Monaco,Juan Manuel  Fangio ,Mercedes-Benz,1:42.400,FAN
Indianapolis 500,Bill Vukovich,Kurtis Kraft Offenhauser,1:03.670,VUK
Belgium,Juan Manuel  Fangio ,Mercedes-Benz,4:20.600,FAN
Netherlands,Roberto  Mieres ,Maserati,1:40.900,MIE
Great Britain,Stirling  Moss ,Mercedes-Benz,2:00.400,MOS
Italy,Stirling  Moss ,Mercedes-Benz,2:46.900,MOS
Argentina,Juan Manuel  Fangio ,Ferrari,1:45.300,FAN
Monaco,Juan Manuel  Fangio ,Ferrari,1:44.400,FAN
Indianapolis 500,Paul  Russo ,Kurtis Kraft Novi,1:02.320,RUS
Belgium,Stirling  Moss ,Maserati,4:14.700,MOS
France,Juan Manuel  Fangio ,Ferrari,2:25.800,FAN
Great Britain,Stirling  Moss ,Maserati,1:43.200,MOS
Germany,Juan Manuel  Fangio ,Ferrari,9:41.600,FAN
Italy,Stirling  Moss ,Maserati,2:45.500,MOS
Argentina,Stirling  Moss ,Maserati,1:44.700,MOS
Monaco,Juan Manuel  Fangio ,Maserati,1:45.600,FAN
Indianapolis 500,Jim  Rathmann ,Epperly Offenhauser,1:02.750,RAT
France,Luigi  Musso ,Ferrari,2:22.400,MUS
Great Britain,Stirling  Moss ,Vanwall,1:59.200,MOS
Germany,Juan Manuel  Fangio ,Maserati,9:17.400,FAN
Pescara,Stirling  Moss ,Vanwall,9:44.600,MOS
Italy,Tony  Brooks ,Vanwall,1:43.700,BRO
Argentina,Juan Manuel  Fangio ,Maserati,1:41.800,FAN
Monaco,Mike  Hawthorn ,Ferrari,1:40.600,HAW
Netherlands,Stirling  Moss ,Vanwall,1:37.600,MOS
Indianapolis 500,Tony Bettenhausen ,Epperly Offenhauser,1:02.370,BET
Belgium,Mike  Hawthorn ,Ferrari,3:58.300,HAW
France,Mike  Hawthorn ,Ferrari,2:24.900,HAW
Great Britain,Mike  Hawthorn ,Ferrari,1:40.800,HAW
Germany,Stirling  Moss ,Vanwall,9:09.200,MOS
Portugal,Mike  Hawthorn ,Ferrari,2:32.270,HAW
Italy,Phil  Hill ,Ferrari,1:42.900,HIL
Morocco,Stirling  Moss ,Vanwall,2:22.500,MOS
Monaco,Jack  Brabham ,Cooper Climax,1:40.400,BRA
Indianapolis 500,Johnny  Thomson ,Lesovsky Offenhauser,1:01.890,THO
Netherlands,Stirling  Moss ,Cooper Climax,1:36.700,MOS
France,Stirling  Moss ,BRM,2:22.800,MOS
Great Britain,Stirling  Moss ,BRM,1:57.000,MOS
Germany,Tony  Brooks ,Ferrari,2:04.500,BRO
Portugal,Stirling  Moss ,Cooper Climax,2:05.070,MOS
Italy,Phil  Hill ,Ferrari,1:40.400,HIL
United States,Maurice Trintignant ,Cooper Climax,3:05.000,TRI
Argentina,Stirling  Moss ,Cooper Climax,1:38.900,MOS
Monaco,Bruce  McLaren ,Lotus Climax,1:36.200,MCL
Indianapolis 500,Jim  Rathmann ,Watson Offenhauser,1:01.590,RAT
Netherlands,Stirling  Moss ,Lotus Climax,1:33.800,MOS
Belgium,Phil  Hill ,Ferrari,3:51.900,HIL
France,Jack  Brabham ,Cooper Climax,2:17.500,BRA
Great Britain,Graham  Hill ,BRM,1:34.400,HIL
Portugal,John  Surtees ,Lotus Climax,2:27.530,SUR
Italy,Phil  Hill ,Ferrari,2:43.600,HIL
United States,Jack  Brabham ,Cooper Climax,1:56.300,BRA
Monaco,Richie  Ginther ,Ferrari,1:36.300,GIN
Netherlands,Jim  Clark ,Lotus Climax,1:35.500,CLA
Belgium,Richie  Ginther ,Ferrari,3:59.800,GIN
France,Phil  Hill ,Ferrari,2:27.100,HIL
Great Britain,Tony  Brooks ,BRM Climax,1:57.800,BRO
Germany,Phil  Hill ,Ferrari,8:57.800,HIL
Italy,Giancarlo  Baghetti ,Ferrari,2:48.400,BAG
United States,Jack  Brabham ,Cooper Climax,1:18.200,BRA
Netherlands,Bruce  McLaren ,Cooper Climax,1:34.400,MCL
Monaco,Jim  Clark ,Lotus Climax,1:35.500,CLA
Belgium,Jim  Clark ,Lotus Climax,3:55.600,CLA
France,Graham  Hill ,BRM,2:16.900,HIL
Great Britain,Jim  Clark ,Lotus Climax,1:55.000,CLA
Germany,Graham  Hill ,BRM,10:12.200,HIL
Italy,Graham  Hill ,BRM,1:42.300,HIL
United States,Jim  Clark ,Lotus Climax,1:15.000,CLA
South Africa,Jim  Clark ,Lotus Climax,1:31.000,CLA
Monaco,John  Surtees ,Ferrari,1:34.500,SUR
Belgium,Jim  Clark ,Lotus Climax,3:58.100,CLA
Netherlands,Jim  Clark ,Lotus Climax,1:33.700,CLA
France,Jim  Clark ,Lotus Climax,2:21.600,CLA
Great Britain,John  Surtees ,Ferrari,1:36.000,SUR
Germany,John  Surtees ,Ferrari,8:47.000,SUR
Italy,Jim  Clark ,Lotus Climax,1:38.900,CLA
United States,Jim  Clark ,Lotus Climax,1:14.500,CLA
Mexico,Jim  Clark ,Lotus Climax,1:58.100,CLA
South Africa,Dan  Gurney ,Brabham Climax,1:29.100,GUR
Monaco,Graham  Hill ,BRM,1:33.900,HIL
Netherlands,Jim  Clark ,Lotus Climax,1:32.800,CLA
Belgium,Dan  Gurney ,Brabham Ford,3:49.200,GUR
France,Jack  Brabham ,Brabham Ford,2:11.400,BRA
Great Britain,Jim  Clark ,Lotus Climax,1:38.800,CLA
Germany,John  Surtees ,Ferrari,8:39.000,SUR
Austria,Dan  Gurney ,Brabham Ford,1:10.560,GUR
Italy,John  Surtees ,Ferrari,1:38.800,SUR
United States,Jim  Clark ,Lotus Climax,1:12.700,CLA
Mexico,Jim  Clark ,Lotus Climax,1:58.370,CLA
South Africa,Jim  Clark ,Lotus Climax,1:27.600,CLA
Monaco,Graham  Hill ,BRM,1:31.700,HIL
Belgium,Jim  Clark ,Lotus Climax,4:12.900,CLA
France,Jim  Clark ,Lotus Climax,3:18.900,CLA
Great Britain,Graham  Hill ,BRM,1:32.200,HIL
Netherlands,Jim  Clark ,Lotus Climax,1:30.600,CLA
Germany,Jim  Clark ,Lotus Climax,8:24.100,CLA
Italy,Jim  Clark ,Lotus Climax,1:36.400,CLA
United States,Graham  Hill ,BRM,1:11.900,HIL
Mexico,Dan  Gurney ,Brabham Climax,1:55.840,GUR
Monaco,Lorenzo  Bandini ,Ferrari,1:29.800,BAN
Belgium,John  Surtees ,Ferrari,4:18.700,SUR
France,Lorenzo  Bandini ,Ferrari,2:11.300,BAN
Great Britain,Jack  Brabham ,Brabham Climax,1:37.000,BRA
Netherlands,Denny  Hulme ,Brabham Climax,1:30.600,HUL
Germany,John  Surtees ,Cooper Maserati,8:49.000,SUR
Italy,Ludovico  Scarfiotti ,Ferrari,1:32.400,SCA
United States,John  Surtees ,Cooper Maserati,1:09.670,SUR
Mexico,Richie  Ginther ,Honda,1:53.750,GIN
South Africa,Denny  Hulme ,Brabham Repco,1:29.900,HUL
Monaco,Jim  Clark ,Lotus Climax,1:29.500,CLA
Netherlands,Jim  Clark ,Lotus Climax,1:28.080,CLA
Belgium,Dan  Gurney ,Eagle Climax,3:31.900,GUR
France,Graham  Hill ,Lotus Climax,1:36.700,HIL
Great Britain,Denny  Hulme ,Brabham Repco,1:27.000,HUL
Germany,Dan  Gurney ,Eagle Climax,8:15.100,GUR
Canada,Jim  Clark ,Lotus Climax,1:23.100,CLA
Italy,Jim  Clark ,Lotus Climax,1:28.500,CLA
United States,Graham  Hill ,Lotus Climax,1:06.000,HIL
Mexico,Jim  Clark ,Lotus Climax,1:48.130,CLA
South Africa,Jim  Clark ,Lotus Ford,1:23.700,CLA
Spain,Jean-Pierre  Beltoise ,Matra Ford,1:28.300,BEL
Monaco,Richard  Attwood ,BRM,1:28.100,ATT
Belgium,John  Surtees ,Honda,3:30.500,SUR
Netherlands,Jean-Pierre  Beltoise ,Matra Ford,1:45.910,BEL
France,Pedro  Rodriguez ,BRM,2:11.500,ROD
Great Britain,Jo  Siffert ,Lotus Ford,1:29.700,SIF
Germany,Jackie  Stewart ,Matra Ford,9:36.000,STE
Italy,Jackie  Oliver ,Lotus Ford,1:26.500,OLI
Canada,Jo  Siffert ,Lotus Ford,1:35.100,SIF
United States,Jackie  Stewart ,Matra Ford,1:05.220,STE
Mexico,Jo  Siffert ,Lotus Ford,1:44.230,SIF
South Africa,Jackie  Stewart ,Matra Ford,1:21.600,STE
Spain,Jochen  Rindt ,Lotus Ford,1:28.300,RIN
Monaco,Jackie  Stewart ,Matra Ford,1:25.100,STE
Netherlands,Jackie  Stewart ,Matra Ford,1:22.940,STE
France,Jackie  Stewart ,Matra Ford,3:02.700,STE
Great Britain,Jackie  Stewart ,Matra Ford,1:21.300,STE
Germany,Jacky  Ickx ,Brabham Climax,7:43.800,ICK
Italy,Jean-Pierre  Beltoise ,Matra Ford,1:25.200,BEL
Canada,Jacky  Ickx ,Brabham Climax,1:18.100,ICK
United States,Jochen  Rindt ,Lotus Ford,1:04.340,RIN
Mexico,Jacky  Ickx ,Brabham Climax,1:43.050,ICK
South Africa,John  Surtees ,McLaren Ford,1:20.800,SUR
Spain,Jack  Brabham ,Brabham Ford,1:24.300,BRA
Monaco,Jochen  Rindt ,Lotus Ford,1:23.200,RIN
Belgium,Chris  Amon ,March Ford,3:27.400,AMO
Netherlands,Jacky  Ickx ,Ferrari,1:19.230,ICK
France,Jack  Brabham ,Brabham Ford,3:00.750,BRA
Great Britain,Jack  Brabham ,Brabham Ford,1:25.900,BRA
Germany,Jacky  Ickx ,Ferrari,2:00.500,ICK
Austria,Jacky  Ickx ,Ferrari,1:40.400,ICK
Italy,Clay  Regazzoni ,Ferrari,1:25.200,REG
Canada,Clay  Regazzoni ,Ferrari,1:32.200,REG
United States,Jacky  Ickx ,Ferrari,1:02.740,ICK
Mexico,Jacky  Ickx ,Ferrari,1:43.110,ICK
South Africa,Mario  Andretti ,Ferrari,1:20.300,AND
Spain,Jacky  Ickx ,Ferrari,1:25.100,ICK
Monaco,Jackie  Stewart ,Tyrrell Ford,1:22.200,STE
Netherlands,Jacky  Ickx ,Ferrari,1:34.950,ICK
France,Jackie  Stewart ,Tyrrell Ford,1:54.090,STE
Great Britain,Jackie  Stewart ,Tyrrell Ford,1:19.900,STE
Germany,Francois Cevert,Tyrrell Ford,7:20.100,CEV
Austria,Jo  Siffert ,BRM,1:38.470,SIF
Italy,Henri  Pescarolo ,March Ford,1:23.800,PES
Canada,Denny  Hulme ,McLaren Ford,1:43.500,HUL
United States,Jacky  Ickx ,Ferrari,1:43.474,ICK
Argentina,Jackie  Stewart ,Tyrrell Ford,1:13.660,STE
South Africa,Mike  Hailwood ,Surtees Ford,1:18.900,HAI
Spain,Jacky  Ickx ,Ferrari,1:21.010,ICK
Monaco,Jean-Pierre  Beltoise ,BRM,1:40.000,BEL
Belgium,Chris  Amon ,Matra,1:12.120,AMO
France,Chris  Amon ,Matra,2:53.900,AMO
Great Britain,Jackie  Stewart ,Tyrrell Ford,1:24.000,STE
Germany,Jacky  Ickx ,Ferrari,7:13.600,ICK
Austria,Denny  Hulme ,McLaren Ford,1:38.320,HUL
Italy,Jacky  Ickx ,Ferrari,1:36.300,ICK
Canada,Jackie  Stewart ,Tyrrell Ford,1:15.700,STE
United States,Jackie  Stewart ,Tyrrell Ford,1:41.644,STE
Argentina,Emerson  Fittipaldi ,Lotus Ford,1:11.220,FIT
Brazil,Emerson  Fittipaldi ,Lotus Ford,2:35.000,FIT
South Africa,Emerson  Fittipaldi ,Lotus Ford,1:17.100,FIT
Spain,Ronnie  Peterson ,Lotus Ford,1:23.800,PET
Belgium,Francois Cevert,Tyrrell Ford,1:25.420,CEV
Monaco,Emerson  Fittipaldi ,Lotus Ford,1:28.100,FIT
Sweden,Denny  Hulme ,McLaren Ford,1:26.146,HUL
France,Denny  Hulme ,McLaren Ford,1:50.990,HUL
Great Britain,James  Hunt ,March Ford,1:18.600,HUN
Netherlands,Ronnie  Peterson ,Lotus Ford,1:20.310,PET
Germany,Carlos  Pace ,Surtees Ford,7:11.400,PAC
Austria,Carlos  Pace ,Surtees Ford,1:37.290,PAC
Italy,Jackie  Stewart ,Tyrrell Ford,1:35.300,STE
Canada,Emerson  Fittipaldi ,Lotus Ford,1:15.496,FIT
United States,James  Hunt ,March Ford,1:41.652,HUN
Argentina,Clay  Regazzoni ,Ferrari,1:52.100,REG
Brazil,Clay  Regazzoni ,Ferrari,2:36.050,REG
South Africa,Carlos  Reutemann ,Brabham Ford,1:18.160,REU
Spain,Niki  Lauda ,Ferrari,1:20.830,LAU
Belgium,Denny  Hulme ,McLaren Ford,1:11.310,HUL
Monaco,Ronnie  Peterson ,Lotus Ford,1:27.900,PET
Sweden,Patrick  Depailler ,Tyrrell Ford,1:27.262,DEP
Netherlands,Ronnie  Peterson ,Lotus Ford,1:21.440,PET
France,Jody  Scheckter ,Tyrrell Ford,1:00.000,SCH
Great Britain,Niki  Lauda ,Ferrari,1:21.100,LAU
Germany,Jody  Scheckter ,Tyrrell Ford,7:11.100,SCH
Austria,Clay  Regazzoni ,Ferrari,1:37.220,REG
Italy,Carlos  Pace ,Brabham Ford,1:34.200,PAC
Canada,Niki  Lauda ,Ferrari,1:13.659,LAU
United States,Carlos  Pace ,Brabham Ford,1:40.608,PAC
Argentina,James  Hunt ,Hesketh Ford,1:50.910,HUN
Brazil,Jean-Pierre  Jarier ,Shadow Matra,2:34.160,JAR
South Africa,Carlos  Pace ,Brabham Ford,1:17.200,PAC
Spain,Mario  Andretti ,Parnelli Ford,1:25.100,AND
Monaco,Patrick  Depailler ,Tyrrell Ford,1:28.670,DEP
Belgium,Clay  Regazzoni ,Ferrari,1:26.760,REG
Sweden,Niki  Lauda ,Ferrari,1:28.267,LAU
Netherlands,Niki  Lauda ,Ferrari,1:21.540,LAU
France,Jochen  Mass ,McLaren Ford,1:50.600,MAS
Great Britain,Clay  Regazzoni ,Ferrari,1:20.900,REG
Germany,Clay  Regazzoni ,Ferrari,7:06.400,REG
Austria,Vittorio  Brambilla ,March Ford,1:53.900,BRA
Italy,Clay  Regazzoni ,Ferrari,1:33.100,REG
United States,Emerson  Fittipaldi ,McLaren Ford,1:43.374,FIT
Brazil,Jean-Pierre  Jarier ,Shadow Ford,2:35.070,JAR
South Africa,Niki  Lauda ,Ferrari,1:17.970,LAU
USA West,Clay  Regazzoni ,Ferrari,1:23.076,REG
Spain,Jochen  Mass ,McLaren Ford,1:20.930,MAS
Belgium,Niki  Lauda ,Ferrari,1:25.980,LAU
Monaco,Clay  Regazzoni ,Ferrari,1:30.280,REG
Sweden,Mario  Andretti ,Lotus Ford,1:28.002,AND
France,Niki  Lauda ,Ferrari,1:51.000,LAU
Great Britain,Niki  Lauda ,Ferrari,1:19.910,LAU
Germany,Jody  Scheckter ,Tyrrell Ford,7:10.800,SCH
Austria,James  Hunt ,McLaren Ford,1:35.910,HUN
Netherlands,Clay  Regazzoni ,Ferrari,1:22.590,REG
Italy,Ronnie  Peterson ,March Ford,1:41.300,PET
Canada,Patrick  Depailler ,Tyrrell Ford,1:13.817,DEP
USA East,James  Hunt ,McLaren Ford,1:42.851,HUN
Japan,Jacques  Laffite ,Ligier Matra,1:19.970,LAF
Argentina,James  Hunt ,McLaren Ford,1:51.060,HUN
Brazil,James  Hunt ,McLaren Ford,2:34.550,HUN
South Africa,John  Watson ,Brabham Alfa Romeo,1:17.630,WAT
USA West,Niki  Lauda ,Ferrari,1:22.753,LAU
Spain,Jacques  Laffite ,Ligier Matra,1:20.810,LAF
Monaco,Jody  Scheckter ,Wolf Ford,1:31.070,SCH
Belgium,Gunnar  Nilsson ,Lotus Ford,1:27.540,NIL
Sweden,Mario  Andretti ,Lotus Ford,1:27.607,AND
France,Mario  Andretti ,Lotus Ford,1:13.750,AND
Great Britain,James  Hunt ,McLaren Ford,1:19.600,HUN
Germany,Niki  Lauda ,Ferrari,1:55.990,LAU
Austria,John  Watson ,Brabham Alfa Romeo,1:40.960,WAT
Netherlands,Niki  Lauda ,Ferrari,1:19.990,LAU
Italy,Mario  Andretti ,Lotus Ford,1:39.100,AND
USA East,Ronnie  Peterson ,Tyrrell Ford,1:51.854,PET
Canada,Mario  Andretti ,Lotus Ford,1:13.299,AND
Japan,Jody  Scheckter ,Wolf Ford,1:14.300,SCH
Argentina,Gilles  Villeneuve ,Ferrari,1:49.760,VIL
Brazil,Carlos  Reutemann ,Ferrari,1:43.070,REU
South Africa,Mario  Andretti ,Lotus Ford,1:17.090,AND
USA West,Alan Jones ,Williams Ford,1:22.215,JON
Monaco,Niki  Lauda ,Brabham Alfa Romeo,1:28.650,LAU
Belgium,Ronnie  Peterson ,Lotus Ford,1:23.130,PET
Spain,Mario  Andretti ,Lotus Ford,1:20.060,AND
Sweden,Niki  Lauda ,Brabham Alfa Romeo,1:24.836,LAU
France,Carlos  Reutemann ,Ferrari,1:48.560,REU
Great Britain,Niki  Lauda ,Brabham Alfa Romeo,1:18.600,LAU
Germany,Ronnie  Peterson ,Lotus Ford,1:55.620,PET
Austria,Ronnie  Peterson ,Lotus Ford,1:43.120,PET
Netherlands,Niki  Lauda ,Brabham Alfa Romeo,1:19.570,LAU
Italy,Mario  Andretti ,Lotus Ford,1:38.230,AND
USA East,Jean-Pierre  Jarier ,Lotus Ford,1:39.557,JAR
Canada,Alan Jones ,Williams Ford,1:38.072,JON
Argentina,Jacques  Laffite ,Ligier Ford,1:46.910,LAF
Brazil,Jacques  Laffite ,Ligier Ford,2:28.760,LAF
South Africa,Gilles  Villeneuve ,Ferrari,1:14.412,VIL
USA West,Gilles  Villeneuve ,Ferrari,1:21.200,VIL
Spain,Gilles  Villeneuve ,Ferrari,1:16.440,VIL
Belgium,Gilles  Villeneuve ,Ferrari,1:23.090,VIL
Monaco,Patrick  Depailler ,Ligier Ford,1:28.820,DEP
France,Rene  Arnoux ,Renault,1:09.160,ARN
Great Britain,Clay  Regazzoni ,Williams Ford,1:14.400,REG
Germany,Gilles  Villeneuve ,Ferrari,1:51.890,VIL
Austria,Rene  Arnoux ,Renault,1:35.770,ARN
Netherlands,Gilles  Villeneuve ,Ferrari,1:19.438,VIL
Italy,Clay  Regazzoni ,Williams Ford,1:35.600,REG
Canada,Alan Jones ,Williams Ford,1:31.272,JON
USA East,Nelson  Piquet ,Brabham Ford,1:40.054,PIQ
Argentina,Alan Jones ,Williams Ford,1:50.450,JON
Brazil,Rene  Arnoux ,Renault,2:27.310,ARN
South Africa,Rene  Arnoux ,Renault,1:13.150,ARN
USA West,Nelson  Piquet ,Brabham Ford,1:19.830,PIQ
Belgium,Jacques  Laffite ,Ligier Ford,1:20.880,LAF
Monaco,Carlos  Reutemann ,Williams Ford,1:27.418,REU
France,Alan Jones ,Williams Ford,1:41.450,JON
Great Britain,Didier  Pironi ,Ligier Ford,1:12.368,PIR
Germany,Alan Jones ,Williams Ford,1:48.490,JON
Austria,Rene  Arnoux ,Renault,1:32.530,ARN
Netherlands,Rene  Arnoux ,Renault,1:19.350,ARN
Italy,Alan Jones ,Williams Ford,1:36.089,JON
Canada,Didier  Pironi ,Ligier Ford,1:28.769,PIR
USA East,Alan Jones ,Williams Ford,1:34.068,JON
USA West,Alan Jones ,Williams Ford,1:20.901,JON
Brazil,Marc  Surer ,Ensign Ford,1:54.302,SUR
Argentina,Nelson  Piquet ,Brabham Ford,1:45.287,PIQ
San Marino,Gilles  Villeneuve ,Ferrari,1:48.064,VIL
Belgium,Carlos  Reutemann ,Williams Ford,1:23.300,REU
Monaco,Alan Jones ,Williams Ford,1:27.470,JON
Spain,Alan Jones ,Williams Ford,1:17.818,JON
France,Alain  Prost ,Renault,1:09.140,PRO
Great Britain,Rene  Arnoux ,Renault,1:15.067,ARN
Germany,Alan Jones ,Williams Ford,1:52.420,JON
Austria,Jacques  Laffite ,Ligier Matra,1:37.620,LAF
Netherlands,Alan Jones ,Williams Ford,1:21.830,JON
Italy,Carlos  Reutemann ,Williams Ford,1:37.528,REU
Canada,John  Watson ,McLaren Ford,1:49.475,WAT
Caesar's Palace,Didier  Pironi ,Ferrari,1:20.156,PIR
South Africa,Alain  Prost ,Renault,1:08.278,PRO
Brazil,Alain  Prost ,Renault,1:37.016,PRO
USA West,Niki  Lauda ,McLaren Ford,1:30.831,LAU
San Marino,Didier  Pironi ,Ferrari,1:35.036,PIR
Belgium,John  Watson ,McLaren Ford,1:20.214,WAT
Monaco,Riccardo  Patrese ,Brabham Ford,1:26.354,PAT
Detroit,Alain  Prost ,Renault,1:50.438,PRO
Canada,Didier  Pironi ,Ferrari,1:28.323,PIR
Netherlands,Derek  Warwick ,Toleman Hart,1:19.780,WAR
Great Britain,Brian  Henton ,Tyrrell Ford,1:13.028,HEN
France,Riccardo  Patrese ,Brabham Ford,1:40.075,PAT
Germany,Nelson  Piquet ,Brabham Ford,1:54.035,PIQ
Austria,Nelson  Piquet ,Brabham Ford,1:33.699,PIQ
Switzerland,Alain  Prost ,Renault,1:07.477,PRO
Italy,Rene  Arnoux ,Renault,1:33.619,ARN
Caesar's Palace,Michele  Alboreto ,Tyrrell Ford,1:19.639,ALB
Brazil,Nelson  Piquet ,Brabham BMW,1:39.829,PIQ
USA West,Niki  Lauda ,McLaren TAG,1:28.330,LAU
France,Alain  Prost ,Renault,1:42.695,PRO
San Marino,Riccardo  Patrese ,Brabham BMW,1:34.437,PAT
Monaco,Nelson  Piquet ,Brabham BMW,1:27.283,PIQ
Belgium,Andrea  de Cesaris ,Alfa Romeo,2:07.493,DEC
Detroit,John  Watson ,McLaren TAG,1:47.668,WAT
Canada,Patrick  Tambay ,Ferrari,1:30.851,TAM
Great Britain,Alain  Prost ,Renault,1:14.212,PRO
Germany,Rene  Arnoux ,Ferrari,1:53.938,ARN
Austria,Alain  Prost ,Renault,1:33.961,PRO
Netherlands,Rene  Arnoux ,Ferrari,1:19.863,ARN
Italy,Nelson  Piquet ,Brabham BMW,1:34.431,PIQ
Europe,Nigel  Mansell ,Lotus Ford,1:14.342,MAN
South Africa,Nelson  Piquet ,Brabham BMW,1:09.948,PIQ
Brazil,Alain  Prost ,McLaren TAG,1:36.499,PRO
South Africa,Patrick  Tambay ,Renault,1:08.877,TAM
Belgium,Rene  Arnoux ,Ferrari,1:19.294,ARN
San Marino,Nelson  Piquet ,Brabham BMW,1:33.275,PIQ
France,Alain  Prost ,McLaren TAG,1:05.257,PRO
Monaco,Ayrton  Senna ,Toleman Hart,1:54.334,SEN
Canada,Nelson  Piquet ,Brabham BMW,1:28.763,PIQ
Detroit,Derek  Warwick ,Renault,1:46.221,WAR
Dallas,Niki  Lauda ,McLaren TAG,1:45.353,LAU
Great Britain,Niki  Lauda ,McLaren TAG,1:13.191,LAU
Germany,Alain  Prost ,McLaren TAG,1:53.538,PRO
Austria,Niki  Lauda ,McLaren TAG,1:32.882,LAU
Netherlands,Rene  Arnoux ,Ferrari,1:19.465,ARN
Italy,Niki  Lauda ,McLaren TAG,1:31.912,LAU
Europe,Nelson  Piquet ,Brabham BMW,1:23.146,PIQ
Portugal,Niki  Lauda ,McLaren TAG,1:22.996,LAU
Brazil,Alain  Prost ,McLaren TAG,1:36.702,PRO
Portugal,Ayrton  Senna ,Lotus Renault,1:44.121,SEN
San Marino,Michele  Alboreto ,Ferrari,1:30.961,ALB
Monaco,Michele  Alboreto ,Ferrari,1:22.637,ALB
Canada,Ayrton  Senna ,Lotus Renault,1:27.445,SEN
Detroit,Ayrton  Senna ,Lotus Renault,1:45.612,SEN
France,Keke  Rosberg ,Williams Honda,1:39.914,ROS
Great Britain,Alain  Prost ,McLaren TAG,1:09.886,PRO
Germany,Niki  Lauda ,McLaren TAG,1:22.806,LAU
Austria,Alain  Prost ,McLaren TAG,1:29.241,PRO
Netherlands,Alain  Prost ,McLaren TAG,1:16.538,PRO
Italy,Nigel  Mansell ,Williams Honda,1:28.283,MAN
Belgium,Alain  Prost ,McLaren TAG,2:01.730,PRO
Europe,Jacques  Laffite ,Ligier Renault,1:11.526,LAF
South Africa,Keke  Rosberg ,Williams Honda,1:08.149,ROS
Australia,Keke  Rosberg ,Williams Honda,1:23.758,ROS
Brazil,Nelson  Piquet ,Williams Honda,1:33.546,PIQ
Spain,Nigel  Mansell ,Williams Honda,1:27.176,MAN
San Marino,Nelson  Piquet ,Williams Honda,1:28.667,PIQ
Monaco,Alain  Prost ,McLaren TAG,1:26.607,PRO
Belgium,Alain  Prost ,McLaren TAG,1:59.282,PRO
Canada,Nelson  Piquet ,Williams Honda,1:25.443,PIQ
Detroit,Nelson  Piquet ,Williams Honda,1:41.233,PIQ
France,Nigel  Mansell ,Williams Honda,1:09.993,MAN
Great Britain,Nigel  Mansell ,Williams Honda,1:09.593,MAN
Germany,Gerhard  Berger ,Benetton BMW,1:46.604,BER
Hungary,Nelson  Piquet ,Williams Honda,1:31.001,PIQ
Austria,Gerhard  Berger ,Benetton BMW,1:29.444,BER
Italy,Teo  Fabi ,Benetton BMW,1:28.099,FAB
Portugal,Nigel  Mansell ,Williams Honda,1:20.943,MAN
Mexico,Nelson  Piquet ,Williams Honda,1:19.360,PIQ
Australia,Nelson  Piquet ,Williams Honda,1:20.787,PIQ
Brazil,Nelson  Piquet ,Williams Honda,1:33.861,PIQ
San Marino,Teo  Fabi ,Benetton Ford,1:29.246,FAB
Belgium,Alain  Prost ,McLaren TAG,1:57.153,PRO
Monaco,Ayrton  Senna ,Lotus Honda,1:27.685,SEN
Detroit,Ayrton  Senna ,Lotus Honda,1:40.464,SEN
France,Nelson  Piquet ,Williams Honda,1:09.548,PIQ
Great Britain,Nigel  Mansell ,Williams Honda,1:09.832,MAN
Germany,Nigel  Mansell ,Williams Honda,1:45.716,MAN
Hungary,Nelson  Piquet ,Williams Honda,1:30.149,PIQ
Austria,Nigel  Mansell ,Williams Honda,1:28.318,MAN
Italy,Ayrton  Senna ,Lotus Honda,1:26.796,SEN
Portugal,Gerhard  Berger ,Ferrari,1:19.282,BER
Spain,Gerhard  Berger ,Ferrari,1:26.986,BER
Mexico,Nelson  Piquet ,Williams Honda,1:19.132,PIQ
Japan,Alain  Prost ,McLaren TAG,1:43.844,PRO
Australia,Gerhard  Berger ,Ferrari,1:20.416,BER
Brazil,Gerhard  Berger ,Ferrari,1:32.943,BER
San Marino,Alain  Prost ,McLaren Honda,1:29.685,PRO
Monaco,Ayrton  Senna ,McLaren Honda,1:26.321,SEN
Mexico,Alain  Prost ,McLaren Honda,1:18.608,PRO
Canada,Ayrton  Senna ,McLaren Honda,1:24.973,SEN
Detroit,Alain  Prost ,McLaren Honda,1:44.836,PRO
France,Alain  Prost ,McLaren Honda,1:11.737,PRO
Great Britain,Nigel  Mansell ,Williams Judd,1:23.308,MAN
Germany,Alessandro  Nannini ,Benetton Ford,2:03.032,NAN
Hungary,Alain  Prost ,McLaren Honda,1:30.639,PRO
Belgium,Gerhard  Berger ,Ferrari,2:00.772,BER
Italy,Michele  Alboreto ,Ferrari,1:29.070,ALB
Portugal,Gerhard  Berger ,Ferrari,1:21.961,BER
Spain,Alain  Prost ,McLaren Honda,1:27.845,PRO
Japan,Ayrton  Senna ,McLaren Honda,1:46.326,SEN
Australia,Alain  Prost ,McLaren Honda,1:21.216,PRO
Brazil,Riccardo  Patrese ,Williams Renault,1:32.507,PAT
San Marino,Alain  Prost ,McLaren Honda,1:26.795,PRO
Monaco,Alain  Prost ,McLaren Honda,1:25.501,PRO
Mexico,Nigel  Mansell ,Ferrari,1:20.420,MAN
United States,Ayrton  Senna ,McLaren Honda,1:33.969,SEN
Canada,Jonathan Palmer ,Tyrrell Ford,1:31.925,PAL
France,Mauricio  Gugelmin ,March Judd,1:12.090,GUG
Great Britain,Nigel  Mansell ,Ferrari,1:12.017,MAN
Germany,Ayrton  Senna ,McLaren Honda,1:45.884,SEN
Hungary,Nigel  Mansell ,Ferrari,1:22.637,MAN
Belgium,Alain  Prost ,McLaren Honda,2:11.571,PRO
Italy,Alain  Prost ,McLaren Honda,1:28.107,PRO
Portugal,Gerhard  Berger ,Ferrari,1:18.986,BER
Spain,Ayrton  Senna ,McLaren Honda,1:25.779,SEN
Japan,Alain  Prost ,McLaren Honda,1:43.506,PRO
Australia,Satoru  Nakajima ,Lotus Judd,1:38.480,NAK
United States,Gerhard  Berger ,McLaren Honda,1:31.050,BER
Brazil,Gerhard  Berger ,McLaren Honda,1:19.899,BER
San Marino,Alessandro  Nannini ,Benetton Ford,1:27.156,NAN
Monaco,Ayrton  Senna ,McLaren Honda,1:24.468,SEN
Canada,Gerhard  Berger ,McLaren Honda,1:22.077,BER
Mexico,Alain  Prost ,Ferrari,1:17.958,PRO
France,Nigel  Mansell ,Ferrari,1:08.012,MAN
Great Britain,Nigel  Mansell ,Ferrari,1:11.291,MAN
Germany,Thierry  Boutsen ,Williams Renault,1:45.602,BOU
Hungary,Riccardo  Patrese ,Williams Renault,1:22.058,PAT
Belgium,Alain  Prost ,Ferrari,1:55.087,PRO
Italy,Ayrton  Senna ,McLaren Honda,1:26.254,SEN
Portugal,Riccardo  Patrese ,Williams Renault,1:18.306,PAT
Spain,Riccardo  Patrese ,Williams Renault,1:24.513,PAT
Japan,Riccardo  Patrese ,Williams Renault,1:44.233,PAT
Australia,Nigel  Mansell ,Ferrari,1:18.203,MAN
United States,Jean  Alesi ,Ferrari,1:26.758,ALE
Brazil,Nigel  Mansell ,Williams Renault,1:20.436,MAN
San Marino,Gerhard  Berger ,McLaren Honda,1:26.531,BER
Monaco,Alain  Prost ,Ferrari,1:24.368,PRO
Canada,Nigel  Mansell ,Williams Renault,1:22.385,MAN
Mexico,Nigel  Mansell ,Williams Renault,1:16.788,MAN
France,Nigel  Mansell ,Williams Renault,1:19.168,MAN
Great Britain,Nigel  Mansell ,Williams Renault,1:26.379,MAN
Germany,Riccardo  Patrese ,Williams Renault,1:43.569,PAT
Hungary,Bertrand  Gachot ,Jordan Ford,1:21.547,GAC
Belgium,Roberto  Moreno ,Benetton Ford,1:55.161,MOR
Italy,Ayrton  Senna ,McLaren Honda,1:26.061,SEN
Portugal,Nigel  Mansell ,Williams Renault,1:18.179,MAN
Spain,Riccardo  Patrese ,Williams Renault,1:22.837,PAT
Japan,Ayrton  Senna ,McLaren Honda,1:41.532,SEN
Australia,Gerhard  Berger ,McLaren Honda,1:41.141,BER
South Africa,Nigel  Mansell ,Williams Renault,1:17.578,MAN
Mexico,Gerhard  Berger ,McLaren Honda,1:17.711,BER
Brazil,Riccardo  Patrese ,Williams Renault,1:19.490,PAT
Spain,Nigel  Mansell ,Williams Renault,1:42.503,MAN
San Marino,Riccardo  Patrese ,Williams Renault,1:26.100,PAT
Monaco,Nigel  Mansell ,Williams Renault,1:21.598,MAN
Canada,Gerhard  Berger ,McLaren Honda,1:22.325,BER
France,Nigel  Mansell ,Williams Renault,1:17.070,MAN
Great Britain,Nigel  Mansell ,Williams Renault,1:22.539,MAN
Germany,Riccardo  Patrese ,Williams Renault,1:41.591,PAT
Hungary,Nigel  Mansell ,Williams Renault,1:18.308,MAN
Belgium,Michael  Schumacher ,Benetton Ford,1:53.791,MSC
Italy,Nigel  Mansell ,Williams Renault,1:26.119,MAN
Portugal,Ayrton  Senna ,McLaren Honda,1:16.272,SEN
Japan,Nigel  Mansell ,Williams Renault,1:40.646,MAN
Australia,Michael  Schumacher ,Benetton Ford,1:16.078,MSC
South Africa,Alain  Prost ,Williams Renault,1:19.492,PRO
Brazil,Michael  Schumacher ,Benetton Ford,1:20.024,MSC
Europe,Ayrton  Senna ,McLaren Ford,1:18.029,SEN
San Marino,Alain  Prost ,Williams Renault,1:26.128,PRO
Spain,Michael  Schumacher ,Benetton Ford,1:20.989,MSC
Monaco,Alain  Prost ,Williams Renault,1:23.604,PRO
Canada,Michael  Schumacher ,Benetton Ford,1:21.500,MSC
France,Michael  Schumacher ,Benetton Ford,1:19.256,MSC
Great Britain,Damon  Hill ,Williams Renault,1:22.515,HIL
Germany,Michael  Schumacher ,Benetton Ford,1:41.859,MSC
Hungary,Alain  Prost ,Williams Renault,1:19.633,PRO
Belgium,Alain  Prost ,Williams Renault,1:51.095,PRO
Italy,Damon  Hill ,Williams Renault,1:23.575,HIL
Portugal,Damon  Hill ,Williams Renault,1:14.859,HIL
Japan,Alain  Prost ,Williams Renault,1:41.176,PRO
Australia,Damon  Hill ,Williams Renault,1:15.381,HIL
Brazil,Michael  Schumacher ,Benetton Ford,1:18.455,MSC
Pacific,Michael  Schumacher ,Benetton Ford,1:14.023,MSC
San Marino,Damon  Hill ,Williams Renault,1:24.335,HIL
Monaco,Michael  Schumacher ,Benetton Ford,1:21.076,MSC
Spain,Michael  Schumacher ,Benetton Ford,1:25.155,MSC
Canada,Michael  Schumacher ,Benetton Ford,1:28.927,MSC
France,Damon  Hill ,Williams Renault,1:19.678,HIL
Great Britain,Damon  Hill ,Williams Renault,1:27.100,HIL
Germany,David  Coulthard ,Williams Renault,1:46.211,COU
Hungary,Michael  Schumacher ,Benetton Ford,1:20.881,MSC
Belgium,Damon  Hill ,Williams Renault,1:57.117,HIL
Italy,Damon  Hill ,Williams Renault,1:25.930,HIL
Portugal,David  Coulthard ,Williams Renault,1:22.446,COU
Europe,Michael  Schumacher ,Benetton Ford,1:25.040,MSC
Japan,Damon  Hill ,Williams Renault,1:56.597,HIL
Australia,Michael  Schumacher ,Benetton Ford,1:17.140,MSC
Brazil,Michael  Schumacher ,Benetton Renault,1:20.921,MSC
Argentina,Michael  Schumacher ,Benetton Renault,1:30.522,MSC
San Marino,Gerhard  Berger ,Ferrari,1:29.568,BER
Spain,Damon  Hill ,Williams Renault,1:24.531,HIL
Monaco,Jean  Alesi ,Ferrari,1:24.621,ALE
Canada,Michael  Schumacher ,Benetton Renault,1:29.174,MSC
France,Michael  Schumacher ,Benetton Renault,1:20.218,MSC
Great Britain,Damon  Hill ,Williams Renault,1:29.752,HIL
Germany,Michael  Schumacher ,Benetton Renault,1:48.824,MSC
Hungary,Damon  Hill ,Williams Renault,1:20.247,HIL
Belgium,David  Coulthard ,Williams Renault,1:53.412,COU
Italy,Gerhard  Berger ,Ferrari,1:26.419,BER
Portugal,David  Coulthard ,Williams Renault,1:23.220,COU
Europe,Michael  Schumacher ,Benetton Renault,1:21.180,MSC
Pacific,Michael  Schumacher ,Benetton Renault,1:16.374,MSC
Japan,Michael  Schumacher ,Benetton Renault,1:42.976,MSC
Australia,Damon  Hill ,Williams Renault,1:17.943,HIL
Australia,Jacques  Villeneuve ,Williams Renault,1:33.421,VIL
Brazil,Damon  Hill ,Williams Renault,1:21.547,HIL
Argentina,Jean  Alesi ,Benetton Renault,1:29.413,ALE
Europe,Damon  Hill ,Williams Renault,1:21.363,HIL
San Marino,Damon  Hill ,Williams Renault,1:28.931,HIL
Monaco,Jean  Alesi ,Benetton Renault,1:25.205,ALE
Spain,Michael  Schumacher ,Ferrari,1:45.517,MSC
Canada,Jacques  Villeneuve ,Williams Renault,1:21.916,VIL
France,Jacques  Villeneuve ,Williams Renault,1:18.610,VIL
Great Britain,Jacques  Villeneuve ,Williams Renault,1:29.288,VIL
Germany,Damon  Hill ,Williams Renault,1:46.504,HIL
Hungary,Damon  Hill ,Williams Renault,1:20.093,HIL
Belgium,Gerhard  Berger ,Benetton Renault,1:53.067,BER
Italy,Michael  Schumacher ,Ferrari,1:26.110,MSC
Portugal,Jacques  Villeneuve ,Williams Renault,1:22.873,VIL
Japan,Jacques  Villeneuve ,Williams Renault,1:44.043,VIL
Australia,Heinz-Harald  Frentzen ,Williams Renault,1:30.585,FRE
Brazil,Jacques  Villeneuve ,Williams Renault,1:18.397,VIL
Argentina,Gerhard  Berger ,Benetton Renault,1:27.981,BER
San Marino,Heinz-Harald  Frentzen ,Williams Renault,1:25.531,FRE
Monaco,Michael  Schumacher ,Ferrari,1:53.315,MSC
Spain,Giancarlo  Fisichella ,Jordan Peugeot,1:22.242,FIS
Canada,David  Coulthard ,McLaren Mercedes,1:19.635,COU
France,Michael  Schumacher ,Ferrari,1:17.910,MSC
Great Britain,Michael  Schumacher ,Ferrari,1:24.475,MSC
Germany,Gerhard  Berger ,Benetton Renault,1:45.747,BER
Hungary,Heinz-Harald  Frentzen ,Williams Renault,1:18.372,FRE
Belgium,Jacques  Villeneuve ,Williams Renault,1:52.692,VIL
Italy,Mika  Hakkinen ,McLaren Mercedes,1:24.808,HAK
Austria,Jacques  Villeneuve ,Williams Renault,1:11.814,VIL
Luxembourg,Heinz-Harald  Frentzen ,Williams Renault,1:18.805,FRE
Japan,Heinz-Harald  Frentzen ,Williams Renault,1:38.942,FRE
Europe,Heinz-Harald  Frentzen ,Williams Renault,1:23.135,FRE
Australia,Mika  Hakkinen ,McLaren Mercedes,1:31.649,HAK
Brazil,Mika  Hakkinen ,McLaren Mercedes,1:19.337,HAK
Argentina,Alexander  Wurz ,Benetton Playlife,1:28.179,WUR
San Marino,Michael  Schumacher ,Ferrari,1:29.345,MSC
Spain,Mika  Hakkinen ,McLaren Mercedes,1:24.275,HAK
Monaco,Mika  Hakkinen ,McLaren Mercedes,1:22.948,HAK
Canada,Michael  Schumacher ,Ferrari,1:19.379,MSC
France,David  Coulthard ,McLaren Mercedes,1:17.523,COU
Great Britain,Michael  Schumacher ,Ferrari,1:35.704,MSC
Austria,David  Coulthard ,McLaren Mercedes,1:12.878,COU
Germany,David  Coulthard ,McLaren Mercedes,1:46.116,COU
Hungary,Michael  Schumacher ,Ferrari,1:19.286,MSC
Belgium,Michael  Schumacher ,Ferrari,2:03.766,MSC
Italy,Mika  Hakkinen ,McLaren Mercedes,1:25.139,HAK
Luxembourg,Mika  Hakkinen ,McLaren Mercedes,1:20.450,HAK
Japan,Michael  Schumacher ,Ferrari,1:40.190,MSC
Australia,Michael  Schumacher ,Ferrari,1:32.112,MSC
Brazil,Mika  Hakkinen ,McLaren Mercedes,1:18.448,HAK
San Marino,Michael  Schumacher ,Ferrari,1:28.547,MSC
Monaco,Mika  Hakkinen ,McLaren Mercedes,1:22.259,HAK
Spain,Michael  Schumacher ,Ferrari,1:24.982,MSC
Canada,Eddie  Irvine ,Ferrari,1:20.382,IRV
France,David  Coulthard ,McLaren Mercedes,1:19.227,COU
Great Britain,Mika  Hakkinen ,McLaren Mercedes,1:28.309,HAK
Austria,Mika  Hakkinen ,McLaren Mercedes,1:12.107,HAK
Germany,David  Coulthard ,McLaren Mercedes,1:45.270,COU
Hungary,David  Coulthard ,McLaren Mercedes,1:20.699,COU
Belgium,Mika  Hakkinen ,McLaren Mercedes,1:53.955,HAK
Italy,Ralf  Schumacher ,Williams Supertec,1:25.579,RSC
Europe,Mika  Hakkinen ,McLaren Mercedes,1:21.282,HAK
Malaysia,Heinz-Harald  Frentzen ,Jordan Mugen Honda,1:40.631,FRE
Japan,Michael  Schumacher ,Ferrari,1:41.319,MSC
Australia,Rubens  Barrichello ,Ferrari,1:31.481,BAR
Brazil,Michael  Schumacher ,Ferrari,1:14.755,MSC
San Marino,Mika  Hakkinen ,McLaren Mercedes,1:26.523,HAK
Great Britain,Mika  Hakkinen ,McLaren Mercedes,1:26.217,HAK
Spain,Mika  Hakkinen ,McLaren Mercedes,1:24.470,HAK
Europe,Michael  Schumacher ,Ferrari,1:22.269,MSC
Monaco,Mika  Hakkinen ,McLaren Mercedes,1:21.571,HAK
Canada,Mika  Hakkinen ,McLaren Mercedes,1:19.049,HAK
France,David  Coulthard ,McLaren Mercedes,1:19.479,COU
Austria,David  Coulthard ,McLaren Mercedes,1:11.783,COU
Germany,Rubens  Barrichello ,Ferrari,1:44.300,BAR
Hungary,Mika  Hakkinen ,McLaren Mercedes,1:20.028,HAK
Belgium,Rubens  Barrichello ,Ferrari,1:53.803,BAR
Italy,Mika  Hakkinen ,McLaren Mercedes,1:25.595,HAK
United States,David  Coulthard ,McLaren Mercedes,1:14.711,COU
Japan,Mika  Hakkinen ,McLaren Mercedes,1:39.189,HAK
Malaysia,Mika  Hakkinen ,McLaren Mercedes,1:38.543,HAK
Australia,Michael  Schumacher ,Ferrari,1:28.214,MSC
Malaysia,Mika  Hakkinen ,McLaren Mercedes,1:40.962,HAK
Brazil,Ralf  Schumacher ,Williams BMW,1:15.693,RSC
San Marino,Ralf  Schumacher ,Williams BMW,1:25.524,RSC
Spain,Michael  Schumacher ,Ferrari,1:21.151,MSC
Austria,David  Coulthard ,McLaren Mercedes,1:10.843,COU
Monaco,David  Coulthard ,McLaren Mercedes,1:19.424,COU
Canada,Ralf  Schumacher ,Williams BMW,1:17.205,RSC
Europe,Juan Pablo  Montoya ,Williams BMW,1:18.354,MOY
France,David  Coulthard ,McLaren Mercedes,1:16.088,COU
Great Britain,Mika  Hakkinen ,McLaren Mercedes,1:23.405,HAK
Germany,Juan Pablo  Montoya ,Williams BMW,1:41.808,MOY
Hungary,Mika  Hakkinen ,McLaren Mercedes,1:16.723,HAK
Belgium,Michael  Schumacher ,Ferrari,1:49.758,MSC
Italy,Ralf  Schumacher ,Williams BMW,1:25.073,RSC
United States,Juan Pablo  Montoya ,Williams BMW,1:14.448,MOY
Japan,Ralf  Schumacher ,Williams BMW,1:36.944,RSC
Australia,Kimi  RÃ¤ikkÃ¶nen ,McLaren Mercedes,1:28.541,RAI
Malaysia,Juan Pablo  Montoya ,Williams BMW,1:38.049,MOY
Brazil,Juan Pablo  Montoya ,Williams BMW,1:16.079,MOY
San Marino,Rubens  Barrichello ,Ferrari,1:24.170,BAR
Spain,Michael  Schumacher ,Ferrari,1:20.355,MSC
Austria,Michael  Schumacher ,Ferrari,1:09.298,MSC
Monaco,Rubens  Barrichello ,Ferrari,1:18.023,BAR
Canada,Juan Pablo  Montoya ,Williams BMW,1:15.960,MOY
Europe,Michael  Schumacher ,Ferrari,1:32.226,MSC
Great Britain,Rubens  Barrichello ,Ferrari,1:23.083,BAR
France,David  Coulthard ,McLaren Mercedes,1:15.045,COU
Germany,Michael  Schumacher ,Ferrari,1:16.462,MSC
Hungary,Michael  Schumacher ,Ferrari,1:16.207,MSC
Belgium,Michael  Schumacher ,Ferrari,1:47.176,MSC
Italy,Rubens  Barrichello ,Ferrari,1:23.657,BAR
United States,Rubens  Barrichello ,Ferrari,1:12.738,BAR
Japan,Michael  Schumacher ,Ferrari,1:36.125,MSC
Australia,Kimi  RÃ¤ikkÃ¶nen ,McLaren Mercedes,1:27.724,RAI
Malaysia,Michael  Schumacher ,Ferrari,1:36.412,MSC
Brazil,Rubens  Barrichello ,Ferrari,1:22.032,BAR
San Marino,Michael  Schumacher ,Ferrari,1:22.491,MSC
Spain,Rubens  Barrichello ,Ferrari,1:20.143,BAR
Austria,Michael  Schumacher ,Ferrari,1:08.337,MSC
Monaco,Kimi  RÃ¤ikkÃ¶nen ,McLaren Mercedes,1:14.545,RAI
Canada,Fernando  Alonso ,Renault,1:16.040,ALO
Europe,Kimi  RÃ¤ikkÃ¶nen ,McLaren Mercedes,1:32.621,RAI
France,Juan Pablo  Montoya ,Williams BMW,1:15.512,MOY
Great Britain,Rubens  Barrichello ,Ferrari,1:22.236,BAR
Germany,Juan Pablo  Montoya ,Williams BMW,1:14.917,MOY
Hungary,Juan Pablo  Montoya ,Williams BMW,1:22.095,MOY
Italy,Michael  Schumacher ,Ferrari,1:21.832,MSC
United States,Michael  Schumacher ,Ferrari,1:11.473,MSC
Japan,Ralf  Schumacher ,Williams BMW,1:33.408,RSC
Australia,Michael  Schumacher ,Ferrari,1:24.125,MSC
Malaysia,Juan Pablo  Montoya ,Williams BMW,1:34.223,MOY
Bahrain,Michael  Schumacher ,Ferrari,1:30.252,MSC
San Marino,Michael  Schumacher ,Ferrari,1:20.411,MSC
Spain,Michael  Schumacher ,Ferrari,1:17.450,MSC
Monaco,Michael  Schumacher ,Ferrari,1:14.439,MSC
Europe,Michael  Schumacher ,Ferrari,1:29.468,MSC
Canada,Rubens  Barrichello ,Ferrari,1:13.622,BAR
United States,Rubens  Barrichello ,Ferrari,1:10.399,BAR
France,Michael  Schumacher ,Ferrari,1:15.377,MSC
Great Britain,Michael  Schumacher ,Ferrari,1:18.739,MSC
Germany,Kimi  RÃ¤ikkÃ¶nen ,McLaren Mercedes,1:13.780,RAI
Hungary,Michael  Schumacher ,Ferrari,1:19.071,MSC
Belgium,Kimi  RÃ¤ikkÃ¶nen ,McLaren Mercedes,1:45.108,RAI
Italy,Rubens  Barrichello ,Ferrari,1:21.046,BAR
China,Michael  Schumacher ,Ferrari,1:32.238,MSC
Japan,Rubens  Barrichello ,Ferrari,1:32.730,BAR
Brazil,Juan Pablo  Montoya ,Williams BMW,1:11.473,MOY
Australia,Fernando  Alonso ,Renault,1:25.683,ALO
Malaysia,Kimi  RÃ¤ikkÃ¶nen ,McLaren Mercedes,1:35.483,RAI
Bahrain,Pedro  de la Rosa ,McLaren Mercedes,1:31.447,DLR
San Marino,Michael  Schumacher ,Ferrari,1:21.858,MSC
Spain,Giancarlo  Fisichella ,Renault,1:15.641,FIS
Monaco,Michael  Schumacher ,Ferrari,1:15.842,MSC
Europe,Fernando  Alonso ,Renault,1:30.711,ALO
Canada,Kimi  RÃ¤ikkÃ¶nen ,McLaren Mercedes,1:14.384,RAI
United States,Michael  Schumacher ,Ferrari,1:11.497,MSC
France,Kimi  RÃ¤ikkÃ¶nen ,McLaren Mercedes,1:16.423,RAI
Great Britain,Kimi  RÃ¤ikkÃ¶nen ,McLaren Mercedes,1:20.502,RAI
Germany,Kimi  RÃ¤ikkÃ¶nen ,McLaren Mercedes,1:14.873,RAI
Hungary,Kimi  RÃ¤ikkÃ¶nen ,McLaren Mercedes,1:21.219,RAI
Turkey,Juan Pablo  Montoya ,McLaren Mercedes,1:24.770,MOY
Italy,Kimi  RÃ¤ikkÃ¶nen ,McLaren Mercedes,1:21.504,RAI
Belgium,Ralf  Schumacher ,Toyota,1:51.453,RSC
Brazil,Kimi  RÃ¤ikkÃ¶nen ,McLaren Mercedes,1:12.268,RAI
Japan,Kimi  RÃ¤ikkÃ¶nen ,McLaren Mercedes,1:31.540,RAI
China,Kimi  RÃ¤ikkÃ¶nen ,McLaren Mercedes,1:33.242,RAI
Bahrain,Nico  Rosberg ,Williams Cosworth,1:32.408,ROS
Malaysia,Fernando  Alonso ,Renault,1:34.803,ALO
Australia,Kimi  RÃ¤ikkÃ¶nen ,McLaren Mercedes,1:26.045,RAI
San Marino,Fernando  Alonso ,Renault,1:24.569,ALO
Europe,Michael  Schumacher ,Ferrari,1:32.099,MSC
Spain,Felipe  Massa ,Ferrari,1:16.648,MAS
Monaco,Michael  Schumacher ,Ferrari,1:15.143,MSC
Great Britain,Fernando  Alonso ,Renault,1:21.599,ALO
Canada,Kimi  RÃ¤ikkÃ¶nen ,McLaren Mercedes,1:15.841,RAI
United States,Michael  Schumacher ,Ferrari,1:12.719,MSC
France,Michael  Schumacher ,Ferrari,1:17.111,MSC
Germany,Michael  Schumacher ,Ferrari,1:16.357,MSC
Hungary,Felipe  Massa ,Ferrari,1:23.516,MAS
Turkey,Michael  Schumacher ,Ferrari,1:28.005,MSC
Italy,Kimi  RÃ¤ikkÃ¶nen ,McLaren Mercedes,1:22.559,RAI
China,Fernando  Alonso ,Renault,1:37.586,ALO
Japan,Fernando  Alonso ,Renault,1:32.676,ALO
Brazil,Michael  Schumacher ,Ferrari,1:12.162,MSC
Australia,Kimi  RÃ¤ikkÃ¶nen ,Ferrari,1:25.235,RAI
Malaysia,Lewis  Hamilton ,McLaren Mercedes,1:36.701,HAM
Bahrain,Felipe  Massa ,Ferrari,1:34.067,MAS
Spain,Felipe  Massa ,Ferrari,1:22.680,MAS
Monaco,Fernando  Alonso ,McLaren Mercedes,1:15.284,ALO
Canada,Fernando  Alonso ,McLaren Mercedes,1:16.367,ALO
United States,Kimi  RÃ¤ikkÃ¶nen ,Ferrari,1:13.117,RAI
France,Felipe  Massa ,Ferrari,1:16.099,MAS
Great Britain,Kimi  RÃ¤ikkÃ¶nen ,Ferrari,1:20.638,RAI
Europe,Felipe  Massa ,Ferrari,1:32.853,MAS
Hungary,Kimi  RÃ¤ikkÃ¶nen ,Ferrari,1:20.047,RAI
Turkey,Kimi  RÃ¤ikkÃ¶nen ,Ferrari,1:27.295,RAI
Italy,Fernando  Alonso ,McLaren Mercedes,1:22.871,ALO
Belgium,Felipe  Massa ,Ferrari,1:48.036,MAS
Japan,Lewis  Hamilton ,McLaren Mercedes,1:28.193,HAM
China,Felipe  Massa ,Ferrari,1:37.454,MAS
Brazil,Kimi  RÃ¤ikkÃ¶nen ,Ferrari,1:12.445,RAI
Australia,Heikki  Kovalainen ,McLaren Mercedes,1:27.418,KOV
Malaysia,Nick  Heidfeld ,Sauber BMW,1:35.366,HEI
Bahrain,Heikki  Kovalainen ,McLaren Mercedes,1:33.193,KOV
Spain,Kimi  RÃ¤ikkÃ¶nen ,Ferrari,1:21.670,RAI
Turkey,Kimi  RÃ¤ikkÃ¶nen ,Ferrari,1:26.506,RAI
Monaco,Kimi  RÃ¤ikkÃ¶nen ,Ferrari,1:16.689,RAI
Canada,Kimi  RÃ¤ikkÃ¶nen ,Ferrari,1:17.387,RAI
France,Kimi  RÃ¤ikkÃ¶nen ,Ferrari,1:16.630,RAI
Great Britain,Kimi  RÃ¤ikkÃ¶nen ,Ferrari,1:32.150,RAI
Germany,Nick  Heidfeld ,Sauber BMW,1:15.987,HEI
Hungary,Kimi  RÃ¤ikkÃ¶nen ,Ferrari,1:21.195,RAI
Europe,Felipe  Massa ,Ferrari,1:38.708,MAS
Belgium,Kimi  RÃ¤ikkÃ¶nen ,Ferrari,1:47.930,RAI
Italy,Kimi  RÃ¤ikkÃ¶nen ,Ferrari,1:28.047,RAI
Singapore,Kimi  RÃ¤ikkÃ¶nen ,Ferrari,1:45.599,RAI
Japan,Felipe  Massa ,Ferrari,1:18.426,MAS
China,Lewis  Hamilton ,McLaren Mercedes,1:36.325,HAM
Brazil,Felipe  Massa ,Ferrari,1:13.736,MAS
Australia,Nico  Rosberg ,Williams Toyota,1:27.706,ROS
Malaysia,Jenson  Button ,Brawn Mercedes,1:36.641,BUT
China,Rubens  Barrichello ,Brawn Mercedes,1:52.592,BAR
Bahrain,Jarno  Trulli ,Toyota,1:34.556,TRU
Spain,Rubens  Barrichello ,Brawn Mercedes,1:22.762,BAR
Monaco,Felipe  Massa ,Ferrari,1:15.154,MAS
Turkey,Jenson  Button ,Brawn Mercedes,1:27.579,BUT
Great Britain,Sebastian  Vettel ,RBR Renault,1:20.735,VET
Germany,Fernando  Alonso ,Renault,1:33.365,ALO
Hungary,Mark  Webber ,RBR Renault,1:21.931,WEB
Europe,Timo  Glock ,Toyota,1:38.683,GLO
Belgium,Sebastian  Vettel ,RBR Renault,1:47.263,VET
Italy,Adrian  Sutil ,Force India Mercedes,1:24.739,SUT
Singapore,Fernando  Alonso ,Renault,1:48.240,ALO
Japan,Mark  Webber ,RBR Renault,1:32.569,WEB
Brazil,Mark  Webber ,RBR Renault,1:13.733,WEB
Abu Dhabi,Sebastian  Vettel ,RBR Renault,1:40.279,VET
Bahrain,Fernando  Alonso ,Ferrari,1:58.287,ALO
Australia,Mark  Webber ,RBR Renault,1:28.358,WEB
Malaysia,Mark  Webber ,RBR Renault,1:37.054,WEB
China,Lewis  Hamilton ,McLaren Mercedes,1:42.061,HAM
Spain,Lewis  Hamilton ,McLaren Mercedes,1:24.357,HAM
Monaco,Sebastian  Vettel ,RBR Renault,1:15.192,VET
Turkey,Vitaly  Petrov ,Renault,1:29.165,PET
Canada,Robert  Kubica ,Renault,1:16.972,KUB
Europe,Jenson  Button ,McLaren Mercedes,1:38.766,BUT
Great Britain,Fernando  Alonso ,Ferrari,1:30.874,ALO
Germany,Sebastian  Vettel ,RBR Renault,1:15.824,VET
Hungary,Sebastian  Vettel ,RBR Renault,1:22.362,VET
Belgium,Lewis  Hamilton ,McLaren Mercedes,1:49.069,HAM
Italy,Fernando  Alonso ,Ferrari,1:24.139,ALO
Singapore,Fernando  Alonso ,Ferrari,1:47.976,ALO
Japan,Mark  Webber ,RBR Renault,1:33.474,WEB
South Korea,Fernando  Alonso ,Ferrari,1:50.257,ALO
Brazil,Lewis  Hamilton ,McLaren Mercedes,1:13.851,HAM
Abu Dhabi,Lewis  Hamilton ,McLaren Mercedes,1:41.274,HAM
Australia,Felipe  Massa ,Ferrari,1:28.947,MAS
Malaysia,Mark  Webber ,Red Bull Racing Renault,1:40.571,WEB
China,Mark  Webber ,Red Bull Racing Renault,1:38.993,WEB
Turkey,Mark  Webber ,Red Bull Racing Renault,1:29.703,WEB
Spain,Lewis  Hamilton ,McLaren Mercedes,1:26.727,HAM
Monaco,Mark  Webber ,Red Bull Racing Renault,1:16.234,WEB
Canada,Jenson  Button ,McLaren Mercedes,1:16.956,BUT
Europe,Sebastian  Vettel ,Red Bull Racing Renault,1:41.852,VET
Great Britain,Fernando  Alonso ,Ferrari,1:34.908,ALO
Germany,Lewis  Hamilton ,McLaren Mercedes,1:34.302,HAM
Hungary,Felipe  Massa ,Ferrari,1:23.415,MAS
Belgium,Mark  Webber ,Red Bull Racing Renault,1:49.883,WEB
Italy,Lewis  Hamilton ,McLaren Mercedes,1:26.187,HAM
Singapore,Jenson  Button ,McLaren Mercedes,1:48.454,BUT
Japan,Jenson  Button ,McLaren Mercedes,1:36.568,BUT
South Korea,Sebastian  Vettel ,Red Bull Racing Renault,1:39.605,VET
India,Sebastian  Vettel ,Red Bull Racing Renault,1:27.249,VET
Abu Dhabi,Mark  Webber ,Red Bull Racing Renault,1:42.612,WEB
Brazil,Mark  Webber ,Red Bull Racing Renault,1:15.324,WEB
Australia,Jenson  Button ,McLaren Mercedes,1:29.187,BUT
Malaysia,Kimi  RÃ¤ikkÃ¶nen ,Lotus Renault,1:40.722,RAI
China,Kamui  Kobayashi ,Sauber Ferrari,1:39.960,KOB
Bahrain,Sebastian  Vettel ,Red Bull Racing Renault,1:36.379,VET
Spain,Romain  Grosjean ,Lotus Renault,1:26.250,GRO
Monaco,Sergio  Perez ,Sauber Ferrari,1:17.296,PER
Canada,Sebastian  Vettel ,Red Bull Racing Renault,1:15.752,VET
Europe,Nico  Rosberg ,Mercedes,1:42.163,ROS
Great Britain,Kimi  RÃ¤ikkÃ¶nen ,Lotus Renault,1:34.661,RAI
Germany,Michael  Schumacher ,Mercedes,1:18.725,MSC
Hungary,Sebastian  Vettel ,Red Bull Racing Renault,1:24.136,VET
Belgium,Bruno  Senna ,Williams Renault,1:52.822,SEN
Italy,Nico  Rosberg ,Mercedes,1:27.239,ROS
Singapore,Nico  Hulkenberg ,Force India Mercedes,1:51.033,HUL
Japan,Sebastian  Vettel ,Red Bull Racing Renault,1:35.774,VET
South Korea,Mark  Webber ,Red Bull Racing Renault,1:42.037,WEB
India,Jenson  Button ,McLaren Mercedes,1:28.203,BUT
Abu Dhabi,Sebastian  Vettel ,Red Bull Racing Renault,1:43.964,VET
United States,Sebastian  Vettel ,Red Bull Racing Renault,1:39.347,VET
Brazil,Lewis  Hamilton ,McLaren Mercedes,1:18.069,HAM
Australia,Kimi  RÃ¤ikkÃ¶nen ,Lotus Renault,1:29.274,RAI
Malaysia,Sergio  Perez ,McLaren Mercedes,1:39.199,PER
China,Sebastian  Vettel ,Red Bull Racing Renault,1:36.808,VET
Bahrain,Sebastian  Vettel ,Red Bull Racing Renault,1:36.961,VET
Spain,Esteban  Gutierrez,Sauber Ferrari,1:26.217,GUT
Monaco,Sebastian  Vettel ,Red Bull Racing Renault,1:16.577,VET
Canada,Mark  Webber ,Red Bull Racing Renault,1:16.182,WEB
Great Britain,Mark  Webber ,Red Bull Racing Renault,1:33.401,WEB
Germany,Fernando  Alonso ,Ferrari,1:33.468,ALO
Hungary,Mark  Webber ,Red Bull Racing Renault,1:24.069,WEB
Belgium,Sebastian  Vettel ,Red Bull Racing Renault,1:50.756,VET
Italy,Lewis  Hamilton ,Mercedes,1:25.849,HAM
Singapore,Sebastian  Vettel ,Red Bull Racing Renault,1:48.574,VET
South Korea,Sebastian  Vettel ,Red Bull Racing Renault,1:41.380,VET
Japan,Mark  Webber ,Red Bull Racing Renault,1:34.587,WEB
India,Kimi  RÃ¤ikkÃ¶nen ,Lotus Renault,1:27.679,RAI
Abu Dhabi,Fernando  Alonso ,Ferrari,1:43.434,ALO
United States,Sebastian  Vettel ,Red Bull Racing Renault,1:39.856,VET
Brazil,Mark  Webber ,Red Bull Racing Renault,1:15.436,WEB
Australia,Nico  Rosberg ,Mercedes,1:32.478,ROS
Malaysia,Lewis  Hamilton ,Mercedes,1:43.066,HAM
Bahrain,Nico  Rosberg ,Mercedes,1:37.020,ROS
China,Nico  Rosberg ,Mercedes,1:40.402,ROS
Spain,Sebastian  Vettel ,Red Bull Racing Renault,1:28.918,VET
Monaco,Kimi  RÃ¤ikkÃ¶nen ,Ferrari,1:18.479,RAI
Canada,Felipe  Massa ,Williams Mercedes,1:18.504,MAS
Austria,Sergio  Perez ,Force India Mercedes,1:12.142,PER
Great Britain,Lewis  Hamilton ,Mercedes,1:37.176,HAM
Germany,Lewis  Hamilton ,Mercedes,1:19.908,HAM
Hungary,Nico  Rosberg ,Mercedes,1:25.724,ROS
Belgium,Nico  Rosberg ,Mercedes,1:50.511,ROS
Italy,Lewis  Hamilton ,Mercedes,1:28.004,HAM
Singapore,Lewis  Hamilton ,Mercedes,1:50.417,HAM
Japan,Lewis  Hamilton ,Mercedes,1:51.600,HAM
Russia,Valtteri  Bottas ,Williams Mercedes,1:40.896,BOT
United States,Sebastian  Vettel ,Red Bull Racing Renault,1:41.379,VET
Brazil,Lewis  Hamilton ,Mercedes,1:13.555,HAM
Abu Dhabi,Daniel  Ricciardo ,Red Bull Racing Renault,1:44.496,RIC
Australia,Lewis  Hamilton ,Mercedes,1:30.945,HAM
Malaysia,Nico  Rosberg ,Mercedes,1:42.062,ROS
China,Lewis  Hamilton ,Mercedes,1:42.208,HAM
Bahrain,Kimi  RÃ¤ikkÃ¶nen ,Ferrari,1:36.311,RAI
Spain,Lewis  Hamilton ,Mercedes,1:28.270,HAM
Monaco,Daniel  Ricciardo ,Red Bull Racing Renault,1:18.063,RIC
Canada,Kimi  RÃ¤ikkÃ¶nen ,Ferrari,1:16.987,RAI
Austria,Nico  Rosberg ,Mercedes,1:11.235,ROS
Great Britain,Lewis  Hamilton ,Mercedes,1:37.093,HAM
Hungary,Daniel  Ricciardo ,Red Bull Racing Renault,1:24.821,RIC
Belgium,Nico  Rosberg ,Mercedes,1:52.416,ROS
Italy,Lewis  Hamilton ,Mercedes,1:26.672,HAM
Singapore,Daniel  Ricciardo ,Red Bull Racing Renault,1:50.041,RIC
Japan,Lewis  Hamilton ,Mercedes,1:36.145,HAM
Russia,Sebastian  Vettel ,Ferrari,1:40.071,VET
United States,Nico  Rosberg ,Mercedes,1:40.666,ROS
Mexico,Nico  Rosberg ,Mercedes,1:20.521,ROS
Brazil,Lewis  Hamilton ,Mercedes,1:14.832,HAM
Abu Dhabi,Lewis  Hamilton ,Mercedes,1:44.517,HAM
Australia,Daniel  Ricciardo ,Red Bull Racing TAG Heuer,1:28.997,RIC
Bahrain,Nico  Rosberg ,Mercedes,1:34.482,ROS
China,Nico  Hulkenberg ,Force India Mercedes,1:39.824,HUL
Russia,Nico  Rosberg ,Mercedes,1:39.094,ROS
Spain,Daniil  Kvyat ,Toro Rosso Ferrari,1:26.948,KVY
Monaco,Lewis  Hamilton ,Mercedes,1:17.939,HAM
Canada,Nico  Rosberg ,Mercedes,1:15.599,ROS
Europe,Nico  Rosberg ,Mercedes,1:46.485,ROS
Austria,Lewis  Hamilton ,Mercedes,1:08.411,HAM
Great Britain,Nico  Rosberg ,Mercedes,1:35.548,ROS
Hungary,Kimi  RÃ¤ikkÃ¶nen ,Ferrari,1:23.086,RAI
Germany,Daniel  Ricciardo ,Red Bull Racing TAG Heuer,1:18.442,RIC
Belgium,Lewis  Hamilton ,Mercedes,1:51.583,HAM
Italy,Fernando  Alonso ,McLaren Honda,1:25.340,ALO
Singapore,Daniel  Ricciardo ,Red Bull Racing TAG Heuer,1:47.187,RIC
Malaysia,Nico  Rosberg ,Mercedes,1:36.424,ROS
Japan,Sebastian  Vettel ,Ferrari,1:35.118,VET
United States,Sebastian  Vettel ,Ferrari,1:39.877,VET
Mexico,Daniel  Ricciardo ,Red Bull Racing TAG Heuer,1:21.134,RIC
Brazil,Max  Verstappen ,Red Bull Racing TAG Heuer,1:25.305,VER
Abu Dhabi,Sebastian  Vettel ,Ferrari,1:43.729,VET
Australia,Kimi  RÃ¤ikkÃ¶nen ,Ferrari,1:26.538,RAI
China,Lewis  Hamilton ,Mercedes,1:35.378,HAM
Bahrain,Lewis  Hamilton ,Mercedes,1:32.798,HAM
Russia,Kimi  RÃ¤ikkÃ¶nen ,Ferrari,1:36.844,RAI
Spain,Lewis  Hamilton ,Mercedes,1:23.593,HAM
Monaco,Sergio  Perez ,Force India Mercedes,1:14.820,PER
Canada,Lewis  Hamilton ,Mercedes,1:14.551,HAM
Azerbaijan,Sebastian  Vettel ,Ferrari,1:43.441,VET
Austria,Lewis  Hamilton ,Mercedes,1:07.411,HAM
Great Britain,Lewis  Hamilton ,Mercedes,1:30.621,HAM
Hungary,Fernando  Alonso ,McLaren Honda,1:20.182,ALO
Belgium,Sebastian  Vettel ,Ferrari,1:46.577,VET
Italy,Daniel  Ricciardo ,Red Bull Racing TAG Heuer,1:23.361,RIC
Singapore,Lewis  Hamilton ,Mercedes,1:45.008,HAM
Malaysia,Sebastian  Vettel ,Ferrari,1:34.080,VET
Japan,Valtteri  Bottas ,Mercedes,1:33.144,BOT
United States,Sebastian  Vettel ,Ferrari,1:37.766,VET
Mexico,Sebastian  Vettel ,Ferrari,1:18.785,VET
Brazil,Max  Verstappen ,Red Bull Racing TAG Heuer,1:11.044,VER
Abu Dhabi,Valtteri  Bottas ,Mercedes,1:40.650,BOT
Australia,Daniel  Ricciardo ,Red Bull Racing TAG Heuer,1:25.945,RIC
Bahrain,Valtteri  Bottas ,Mercedes,1:33.740,BOT
China,Daniel  Ricciardo ,Red Bull Racing TAG Heuer,1:35.785,RIC
Azerbaijan,Valtteri  Bottas ,Mercedes,1:45.149,BOT
Spain,Daniel  Ricciardo ,Red Bull Racing TAG Heuer,1:18.441,RIC
Monaco,Max  Verstappen ,Red Bull Racing TAG Heuer,1:14.260,VER
Canada,Max  Verstappen ,Red Bull Racing TAG Heuer,1:13.864,VER
France,Valtteri  Bottas ,Mercedes,1:34.225,BOT
Austria,Kimi  RÃ¤ikkÃ¶nen ,Ferrari,1:06.957,RAI
Great Britain,Sebastian  Vettel ,Ferrari,1:30.696,VET
Germany,Lewis  Hamilton ,Mercedes,1:15.545,HAM
Hungary,Daniel  Ricciardo ,Red Bull Racing TAG Heuer,1:20.012,RIC
Belgium,Valtteri  Bottas ,Mercedes,1:46.286,BOT
Italy,Lewis  Hamilton ,Mercedes,1:22.497,HAM
Singapore,Kevin  Magnussen ,Haas Ferrari,1:41.905,MAG
Russia,Valtteri  Bottas ,Mercedes,1:35.861,BOT
Japan,Sebastian  Vettel ,Ferrari,1:32.318,VET
United States,Lewis  Hamilton ,Mercedes,1:37.392,HAM
Mexico,Valtteri  Bottas ,Mercedes,1:18.741,BOT
Brazil,Valtteri  Bottas ,Mercedes,1:10.540,BOT
Abu Dhabi,Sebastian  Vettel ,Ferrari,1:40.867,VET
Australia,Valtteri  Bottas ,Mercedes,1:25.580,BOT
Bahrain,Charles  Leclerc ,Ferrari,1:33.411,LEC
China,Pierre  Gasly ,Red Bull Racing Honda,1:34.742,GAS
Azerbaijan,Charles  Leclerc ,Ferrari,1:43.009,LEC
Spain,Lewis  Hamilton ,Mercedes,1:18.492,HAM
Monaco,Pierre  Gasly ,Red Bull Racing Honda,1:14.279,GAS
Canada,Valtteri  Bottas ,Mercedes,1:13.078,BOT
France,Sebastian  Vettel ,Ferrari,1:32.740,VET
Austria,Max  Verstappen ,Red Bull Racing Honda,1:07.475,VER
Great Britain,Lewis  Hamilton ,Mercedes,1:27.369,HAM
Germany,Max  Verstappen ,Red Bull Racing Honda,1:16.645,VER
Hungary,Max  Verstappen ,Red Bull Racing Honda,1:17.103,VER
Belgium,Sebastian  Vettel ,Ferrari,1:46.409,VET
Italy,Lewis  Hamilton ,Mercedes,1:21.779,HAM
Singapore,Kevin  Magnussen ,Haas Ferrari,1:42.301,MAG
Russia,Lewis  Hamilton ,Mercedes,1:35.761,HAM
Japan,Lewis  Hamilton ,Mercedes,1:30.983,HAM
Mexico,Charles  Leclerc ,Ferrari,1:19.232,LEC
United States,Charles  Leclerc ,Ferrari,1:36.169,LEC
Brazil,Valtteri  Bottas ,Mercedes,1:10.698,BOT
Abu Dhabi,Lewis  Hamilton ,Mercedes,1:39.283,HAM
Austria,Lando  Norris ,McLaren Renault,1:07.475,NOR
Styria,Carlos  Sainz ,McLaren Renault,1:05.619,SAI
Hungary,Lewis  Hamilton ,Mercedes,1:16.627,HAM
Great Britain,Max  Verstappen ,Red Bull Racing Honda,1:27.097,VER
70th Anniversary,Lewis  Hamilton ,Mercedes,1:28.451,HAM
Spain,Valtteri  Bottas ,Mercedes,1:18.183,BOT
Belgium,Daniel  Ricciardo ,Renault,1:47.483,RIC
Italy,Lewis  Hamilton ,Mercedes,1:22.746,HAM
Tuscany,Lewis  Hamilton ,Mercedes,1:18.833,HAM
Russia,Valtteri  Bottas ,Mercedes,1:37.030,BOT
Eifel,Max  Verstappen ,Red Bull Racing Honda,1:28.139,VER
Portugal,Lewis  Hamilton ,Mercedes,1:18.750,HAM
Emilia Romagna,Lewis  Hamilton ,Mercedes,1:15.484,HAM
Turkey,Lando  Norris ,McLaren Renault,1:36.806,NOR
Bahrain,Max  Verstappen ,Red Bull Racing Honda,1:32.014,VER
Sakhir,George  Russell ,Mercedes,55.404,RUS
Abu Dhabi,Daniel  Ricciardo ,Renault,1:40.926,RIC
Bahrain,Valtteri  Bottas ,Mercedes,1:32.090,BOT
Emilia Romagna,Lewis  Hamilton ,Mercedes,1:16.702,HAM
Portugal,Valtteri  Bottas ,Mercedes,1:19.865,BOT
Spain,Max  Verstappen ,Red Bull Racing Honda,1:18.149,VER
Monaco,Lewis  Hamilton ,Mercedes,1:12.909,HAM
Azerbaijan,Max  Verstappen ,Red Bull Racing Honda,1:44.481,VER
France,Max  Verstappen ,Red Bull Racing Honda,1:36.404,VER
Styria,Lewis  Hamilton ,Mercedes,1:07.058,HAM
Austria,Max  Verstappen ,Red Bull Racing Honda,1:06.200,VER
Great Britain,Sergio  Perez ,Red Bull Racing Honda,1:28.617,PER
Hungary,Pierre  Gasly ,AlphaTauri Honda,1:18.394,GAS
Netherlands,Lewis  Hamilton ,Mercedes,1:11.097,HAM
Italy,Daniel  Ricciardo ,McLaren Mercedes,1:24.812,RIC
Russia,Lando  Norris ,McLaren Mercedes,1:37.423,NOR
Turkey,Valtteri  Bottas ,Mercedes,1:30.432,BOT
United States,Lewis  Hamilton ,Mercedes,1:38.485,HAM
Mexico,Valtteri  Bottas ,Mercedes,1:17.774,BOT
Brazil,Sergio  Perez ,Red Bull Racing Honda,1:11.010,PER
Qatar,Max  Verstappen ,Red Bull Racing Honda,1:23.196,VER
Saudi Arabia,Lewis  Hamilton ,Mercedes,1:30.734,HAM
Abu Dhabi,Max  Verstappen ,Red Bull Racing Honda,1:26.103,VER
Bahrain,Charles  Leclerc ,Ferrari,1:34.570,LEC
Saudi Arabia,Charles  Leclerc ,Ferrari,1:31.634,LEC
Australia,Charles  Leclerc ,Ferrari,1:20.260,LEC
Emilia Romagna,Max  Verstappen ,Red Bull Racing RBPT,1:18.446,VER
Miami,Max  Verstappen ,Red Bull Racing RBPT,1:31.361,VER
Spain,Sergio  Perez ,Red Bull Racing RBPT,1:24.108,PER
Monaco,Lando  Norris ,McLaren Mercedes,1:14.693,NOR
Azerbaijan,Sergio  Perez ,Red Bull Racing RBPT,1:46.046,PER
Canada,Carlos  Sainz ,Ferrari,1:15.749,SAI
Great Britain,Lewis  Hamilton ,Mercedes,1:30.510,HAM
Austria,Max  Verstappen ,Red Bull Racing RBPT,1:07.275,VER
France,Carlos  Sainz ,Ferrari,1:35.781,SAI
Hungary,Lewis  Hamilton ,Mercedes,1:21.386,HAM
Belgium,Max  Verstappen ,Red Bull Racing RBPT,1:49.354,VER
Netherlands,Max  Verstappen ,Red Bull Racing RBPT,1:13.652,VER
Italy,Sergio  Perez ,Red Bull Racing RBPT,1:24.030,PER
Singapore,George  Russell ,Mercedes,1:46.458,RUS
Japan,Zhou  Guanyu ,Alfa Romeo Ferrari,1:44.411,ZHO
United States,George  Russell ,Mercedes,1:38.788,RUS
Mexico,George  Russell ,Mercedes,1:20.153,RUS
Brazil,George  Russell ,Mercedes,1:13.785,RUS
Abu Dhabi,Lando  Norris ,McLaren Mercedes,1:28.391,NOR
Bahrain,Zhou  Guanyu ,Alfa Romeo Ferrari,1:33.996,ZHO
Saudi Arabia,Max  Verstappen ,Red Bull Racing Honda RBPT,1:31.906,VER
Australia,Sergio  Perez ,Red Bull Racing Honda RBPT,1:20.235,PER
Azerbaijan,George  Russell ,Mercedes,1:43.370,RUS
Miami,Max  Verstappen ,Red Bull Racing Honda RBPT,1:29.708,VER
Monaco,Lewis  Hamilton ,Mercedes,1:15.650,HAM
Spain,Max  Verstappen ,Red Bull Racing Honda RBPT,1:16.330,VER
Canada,Sergio  Perez ,Red Bull Racing Honda RBPT,1:14.481,PER
Austria,Max  Verstappen ,Red Bull Racing Honda RBPT,1:07.012,VER
Great Britain,Max  Verstappen ,Red Bull Racing Honda RBPT,1:30.275,VER
Hungary,Max  Verstappen ,Red Bull Racing Honda RBPT,1:20.504,VER
Belgium,Lewis  Hamilton ,Mercedes,1:47.305,HAM
Netherlands,Fernando  Alonso ,Aston Martin Aramco Mercedes,1:13.837,ALO
Italy,Oscar  Piastri ,McLaren Mercedes,1:25.072,PIA
Singapore,Lewis  Hamilton ,Mercedes,1:35.867,HAM
Japan,Max  Verstappen ,Red Bull Racing Honda RBPT,1:34.183,VER
Qatar,Max  Verstappen ,Red Bull Racing Honda RBPT,1:24.319,VER
United States,Yuki  Tsunoda ,AlphaTauri Honda RBPT,1:38.139,TSU
Mexico,Lewis  Hamilton ,Mercedes,1:21.334,HAM
Brazil,Lando  Norris ,McLaren Mercedes,1:12.486,NOR
Las Vegas,Oscar  Piastri ,McLaren Mercedes,1:35.490,PIA
Abu Dhabi,Max  Verstappen ,Red Bull Racing Honda RBPT,1:26.993,VER
Bahrain,Max  Verstappen ,Red Bull Racing Honda RBPT,1:32.608,VER
Saudi Arabia,Charles  Leclerc ,Ferrari,1:31.632,LEC
Australia,Charles  Leclerc ,Ferrari,1:19.813,LEC
Japan,Max  Verstappen ,Red Bull Racing Honda RBPT,1:33.706,VER
China,Fernando  Alonso ,Aston Martin Aramco Mercedes,1:37.810,ALO
Miami,Oscar  Piastri ,McLaren Mercedes,1:30.634,PIA
